month,day,year,bps,rate
3,4,1951,25,1.75
1,16,1952,25,2
6,1,1953,0,2
2,5,1954,-25,1.75
4,16,1954,-25,1.5
4,15,1955,25,1.75
8,5,1955,25,2
9,9,1955,25,2.25
11,18,1955,25,2.5
4,13,1956,25,2.75
8,24,1956,25,3
8,23,1957,50,3.5
11,15,1957,-50,3
1,24,1958,-25,2.75
3,7,1958,-50,2.25
4,18,1958,-50,1.75
9,12,1958,25,2
11,7,1958,50,2.5
3,6,1959,50,3
5,29,1959,50,3.5
9,11,1959,50,4
6,10,1960,-50,3.5
8,12,1960,-50,3
1,1,1961,0,3
7,17,1963,50,3.5
11,24,1964,50,4
12,6,1965,50,4.5
1,1,1966,0,4.5
4,7,1967,-50,4
11,20,1967,50,4.5
3,22,1968,50,5
4,19,1968,50,5.5
8,30,1968,-25,5.25
12,18,1968,25,5.5
4,4,1969,50,6
11,13,1970,-25,5.75
12,4,1970,-25,5.5
1,8,1971,-25,5.25
1,22,1971,-25,5
2,19,1971,-25,4.75
7,16,1971,25,5
11,19,1971,-25,4.75
12,17,1971,-25,4.5
3,1,1972,0,4.5
1,15,1973,50,5
2,26,1973,50,5.5
5,4,1973,25,5.75
5,11,1973,25,6
6,11,1973,50,6.5
7,2,1973,50,7
8,14,1973,50,7.5
4,25,1974,50,8
12,9,1974,-25,7.75
1,10,1975,-50,7.25
2,5,1975,-50,6.75
3,10,1975,-50,6.25
5,16,1975,-25,6
1,16,1976,-50,5.5
11,22,1976,-25,5.25
8,30,1977,50,5.75
10,26,1977,25,6
1,9,1978,50,6.5
5,11,1978,50,7
7,3,1978,25,7.25
8,21,1978,50,7.75
9,22,1978,25,8
10,16,1978,50,8.5
11,1,1978,100,9.5
7,20,1979,50,10
8,17,1979,50,10.5
9,19,1979,50,11
10,6,1979,100,12
2,15,1980,100,13
5,29,1980,-100,12
6,13,1980,-100,11
7,28,1980,-100,10
9,26,1980,100,11
11,17,1980,100,12
12,5,1980,100,13
5,5,1981,100,14
11,2,1981,-100,13
12,4,1981,-100,12
7,20,1982,-50,11.5
8,2,1982,-50,11
8,16,1982,-50,10.5
8,27,1982,-50,10
10,12,1982,-50,9.5
11,22,1982,-50,9
12,14,1982,-50,8.5
5,24,1983,0,8.63
6,23,1983,37,9
7,12,1983,25,9.25
10,4,1983,13,9.38
3,27,1984,87,10.25
4,9,1984,50,9
7,17,1984,75,11.25
10,2,1984,-69,10.56
11,7,1984,-106,9.5
11,21,1984,-50,9
12,18,1984,-50,8.5
2,13,1985,-12,8.38
2,21,1985,12,8.5
4,18,1985,-25,8.25
5,17,1985,-50,7.75
5,20,1985,-25,7.5
8,1,1985,0,7.75
9,6,1985,25,8
12,16,1985,-25,7.75
3,7,1986,-50,7.25
4,18,1986,-50,6.75
6,5,1986,-25,6.88
7,10,1986,-50,6.38
8,14,1986,-7,6.31
8,20,1986,-44,5.875
12,4,1986,12,6
1,15,1987,0,6
4,30,1987,50,6.5
5,19,1987,25,6.75
9,4,1987,50,7.25
9,22,1987,12,7.375
10,19,1987,-38,7
10,28,1987,-19,6.8125
1,28,1988,-19,6.625
2,10,1988,-12,6.5
3,30,1988,25,6.75
5,9,1988,25,7
5,25,1988,25,7.25
6,22,1988,25,7.5
8,9,1988,62,8.125
11,22,1988,25,8.375
12,15,1988,31,8.6875
1,5,1989,31,9
2,14,1989,6,9.0625
2,24,1989,69,9.75
6,6,1989,-19,9.5625
7,6,1989,-25,9.3125
7,27,1989,-25,9.0625
10,19,1989,-31,8.75
11,6,1989,-25,8.5
12,20,1989,-25,8.25
7,13,1990,-25,8
10,29,1990,-25,7.75
11,14,1990,-25,7.5
12,7,1990,-25,7.25
12,19,1990,-25,7
1,9,1991,-25,6.75
2,1,1991,-50,6.25
3,8,1991,-25,6
4,30,1991,-25,5.75
8,6,1991,-25,5.5
9,13,1991,-25,5.25
10,31,1991,-25,5
11,6,1991,-25,4.75
12,6,1991,-25,4.5
12,20,1991,-50,4
4,9,1992,-25,3.75
7,2,1992,-50,3.25
9,4,1992,-25,3
1,1,1993,0,3
2,4,1994,25,3.25
3,22,1994,25,3.5
4,18,1994,25,3.75
5,17,1994,50,4.25
8,16,1994,50,4.75
11,15,1994,75,5.5
2,1,1995,50,6
7,6,1995,-25,5.75
12,19,1995,-25,5.5
1,31,1996,-25,5.25
3,25,1997,25,5.5
9,29,1998,-25,5.25
10,15,1998,-25,5
11,17,1998,-25,4.75
6,30,1999,25,5
8,24,1999,25,5.25
11,16,1999,25,5.5
2,2,2000,25,5.75
3,21,2000,25,6
5,16,2000,50,6.5
6,28,2000,0,6.5
8,22,2000,0,6.5
10,3,2000,0,6.5
11,15,2000,0,6.5
12,19,2000,0,6.5
1,3,2001,-50,6
1,31,2001,-50,5.5
3,20,2001,-50,5
4,18,2001,-50,4.5
5,15,2001,-50,4
6,27,2001,-25,3.75
8,21,2001,-25,3.5
9,17,2001,-50,3
10,2,2001,-50,2.5
11,6,2001,-50,2
12,11,2001,-25,1.75
1,30,2002,0,1.75
3,19,2002,0,1.75
5,7,2002,0,1.75
6,26,2002,0,1.75
8,13,2002,0,1.75
9,24,2002,0,1.75
11,6,2002,-50,1.25
12,10,2002,0,1.25
1,29,2003,0,1.25
3,18,2003,0,1.25
5,6,2003,0,1.25
6,25,2003,-25,1
8,12,2003,0,1
9,16,2003,0,1
10,28,2003,0,1
12,9,2003,0,1
1,28,2004,0,1
3,16,2004,0,1
5,4,2004,0,1
6,30,2004,25,1.25
8,10,2004,25,1.5
9,21,2004,25,1.75
11,10,2004,25,2
12,14,2004,25,2.25
2,2,2005,25,2.5
3,22,2005,25,2.75
5,3,2005,25,3
6,30,2005,25,3.25
8,9,2005,25,3.5
9,20,2005,25,3.75
11,1,2005,25,4
12,13,2005,25,4.25
1,31,2006,25,4.5
3,28,2006,25,4.75
5,10,2006,25,5
6,29,2006,25,5.25
8,8,2006,0,5.25
9,20,2006,0,5.25
10,25,2006,0,5.25
12,12,2006,0,5.25
1,31,2007,0,5.25
3,21,2007,0,5.25
5,9,2007,0,5.25
6,28,2007,0,5.25
8,7,2007,0,5.25
8,17,2007,0,5.25
9,18,2007,-50,4.75
10,31,2007,-25,4.5
12,11,2007,-25,4.25
1,22,2008,-75,3.5
1,30,2008,-50,3
3,16,2008,-25,3
3,18,2008,-75,2.25
4,30,2008,-25,2
6,25,2008,0,2
8,5,2008,0,2
9,16,2008,0,2
10,8,2008,-50,1.5
10,29,2008,-50,1
12,16,2008,-75,0.25
1,28,2009,0,0.25
3,18,2009,0,0.25
4,29,2009,0,0.25
6,24,2009,0,0.25
8,12,2009,0,0.25
9,23,2009,0,0.25
11,4,2009,0,0.25
12,16,2009,0,0.25
1,27,2010,0,0.25
3,16,2010,0,0.25
4,28,2010,0,0.25
6,23,2010,0,0.25
8,10,2010,0,0.25
9,21,2010,0,0.25
11,3,2010,0,0.25
12,14,2010,0,0.25
1,26,2011,0,0.25
3,15,2011,0,0.25
4,27,2011,0,0.25
6,22,2011,0,0.25
8,9,2011,0,0.25
9,21,2011,0,0.25
11,2,2011,0,0.25
12,13,2011,0,0.25
1,25,2012,0,0.25
3,13,2012,0,0.25
4,25,2012,0,0.25
6,20,2012,0,0.25
8,1,2012,0,0.25
9,13,2012,0,0.25
10,24,2012,0,0.25
12,12,2012,0,0.25
1,30,2013,0,0.25
3,20,2013,0,0.25
5,1,2013,0,0.25
6,19,2013,0,0.25
7,31,2013,0,0.25
9,18,2013,0,0.25
10,30,2013,0,0.25
12,18,2013,0,0.25
1,29,2014,0,0.25
3,19,2014,0,0.25
4,30,2014,0,0.25
6,18,2014,0,0.25
7,30,2014,0,0.25
9,17,2014,0,0.25
10,29,2014,0,0.25
12,17,2014,0,0.25
1,28,2015,0,0.25
3,18,2015,0,0.25
4,29,2015,0,0.25
6,17,2015,0,0.25
7,29,2015,0,0.25
9,17,2015,0,0.25
10,28,2015,0,0.25
12,16,2015,25,0.5
1,27,2016,0,0.5
3,16,2016,0,0.5
4,27,2016,0,0.5
6,15,2016,0,0.5
7,27,2016,0,0.5
9,21,2016,0,0.5
11,2,2016,0,0.5
12,14,2016,25,0.75
2,1,2017,0,0.75
3,15,2017,25,1
5,3,2017,0,1
6,14,2017,25,1.25
7,26,2017,0,1.25
9,20,2017,0,1.25
11,1,2017,0,1.25
12,13,2017,25,1.5
1,31,2018,0,1.5
3,21,2018,25,1.75
5,2,2018,0,1.75
6,13,2018,25,2
8,1,2018,0,2
9,26,2018,25,2.25
11,8,2018,0,2.25
12,19,2018,25,2.5
1,30,2019,0,2.5
3,20,2019,0,2.5
5,1,2019,0,2.5
6,19,2019,0,2.5
7,31,2019,-25,2.25
9,18,2019,-25,2
10,30,2019,-25,1.75
12,11,2019,0,1.75
1,29,2020,0,1.75
3,3,2020,-50,1.25
3,15,2020,-100,0.25
4,29,2020,0,0.25
6,10,2020,0,0.25
7,29,2020,0,0.25
9,16,2020,0,0.25
11,5,2020,0,0.25
12,16,2020,0,0.25
1,27,2021,0,0.25
3,17,2021,0,0.25
4,28,2021,0,0.25
6,16,2021,0,0.25
7,28,2021,0,0.25
9,22,2021,0,0.25
11,3,2021,0,0.25
12,15,2021,0,0.25
1,26,2022,0,0.25
3,16,2022,25,0.5
5,4,2022,50,1
6,15,2022,75,1.75
7,27,2022,75,2.5
9,21,2022,75,3.25
11,2,2022,75,4
12,14,2022,50,4.5
2,1,2023,25,4.75
3,22,2023,25,5
5,3,2023,25,5.25
6,14,2023,0,5.25
7,26,2023,25,5.5
9,20,2023,0,5.5
11,1,2023,0,5.5
12,13,2023,0,5.5
1,31,2024,0,5.5
3,20,2024,0,5.5
5,1,2024,0,5.5
6,12,2024,0,5.5
7,31,2024,0,5.5
9,18,2024,-50,5
11,7,2024,-25,4.75
12,18,2024,-25,4.5
1,29,2025,0,4.5
3,19,2025,0,4.5
5,7,2025,0,4.5
6,18,2025,0,4.5
7,30,2025,0,4.5
9,17,2025,-25,4.25
10,29,2025,-25,4
12,10,2025,-25,3.75
1,28,2026,0,3.75
3,18,2026,0,3.75
4,29,2026,0,3.75
